timestamp,open,high,low,close,volume
2026-03-01 00:00:00+00:00,66937.0,68189.0,65812.0,67474.7,56559.864
2026-03-01 04:00:00+00:00,67474.8,67582.2,66757.2,67113.9,24461.609
2026-03-01 08:00:00+00:00,67114.0,67275.5,66160.4,66439.0,25330.042
2026-03-01 12:00:00+00:00,66439.0,67333.0,66100.0,66810.8,31465.641
2026-03-01 16:00:00+00:00,66810.8,67083.0,65681.3,65926.0,39092.282
2026-03-01 20:00:00+00:00,65925.9,66888.0,65011.0,65750.0,42201.998
2026-03-02 00:00:00+00:00,65749.9,67082.5,65726.0,66787.3,30045.733
2026-03-02 04:00:00+00:00,66787.3,66966.0,65509.0,65981.3,23909.56
2026-03-02 08:00:00+00:00,65981.2,66707.5,65612.4,66329.9,25846.474
2026-03-02 12:00:00+00:00,66329.8,69588.0,65234.4,69089.1,100518.31
2026-03-02 16:00:00+00:00,69089.1,70100.0,68519.8,68928.4,69288.61
2026-03-02 20:00:00+00:00,68928.4,69500.0,68529.5,68801.8,27769.345
2026-03-03 00:00:00+00:00,68801.8,69221.6,68142.1,68349.3,24654.008
2026-03-03 04:00:00+00:00,68349.4,68561.9,67759.6,68138.3,25184.326
2026-03-03 08:00:00+00:00,68138.2,68281.6,66270.7,67000.0,57583.252
2026-03-03 12:00:00+00:00,67000.0,68000.0,66080.0,67692.5,67933.027
2026-03-03 16:00:00+00:00,67692.5,68972.9,67440.0,68395.9,61502.223
2026-03-03 20:00:00+00:00,68395.9,68821.5,67778.4,68295.3,20613.064
2026-03-04 00:00:00+00:00,68295.2,68887.9,67350.0,67700.1,33692.828
2026-03-04 04:00:00+00:00,67700.1,69676.4,67421.9,69464.5,39330.795
2026-03-04 08:00:00+00:00,69464.5,71887.9,69100.2,71082.4,94611.132
2026-03-04 12:00:00+00:00,71082.3,73436.4,70559.7,73339.7,92618.5
2026-03-04 16:00:00+00:00,73339.7,74046.5,72467.2,73580.2,67026.008
2026-03-04 20:00:00+00:00,73580.3,73678.2,72273.0,72641.4,29864.233
2026-03-05 00:00:00+00:00,72641.4,73295.7,72300.0,72469.6,23591.685
2026-03-05 04:00:00+00:00,72469.5,73060.0,71740.0,72025.5,32629.087
2026-03-05 08:00:00+00:00,72025.4,73539.1,71716.3,72879.9,38402.512
2026-03-05 12:00:00+00:00,72880.0,73032.0,71136.2,71611.7,62191.887
2026-03-05 16:00:00+00:00,71611.7,71620.6,70612.8,70875.5,50962.285
2026-03-05 20:00:00+00:00,70875.5,71530.4,70737.9,70854.8,18390.824
2026-03-06 00:00:00+00:00,70854.8,71387.5,70339.6,71045.4,23279.92
2026-03-06 04:00:00+00:00,71045.4,71168.0,70100.0,71026.7,29611.984
2026-03-06 08:00:00+00:00,71026.7,71035.3,70164.9,70185.6,25068.966
2026-03-06 12:00:00+00:00,70185.6,70328.5,68121.6,68468.4,84732.612
2026-03-06 16:00:00+00:00,68468.3,68759.5,67712.3,68101.0,34900.467
2026-03-06 20:00:00+00:00,68100.9,68406.6,67731.0,68083.0,15788.754
2026-03-07 00:00:00+00:00,68083.0,68524.9,68018.7,68063.2,14174.659
2026-03-07 04:00:00+00:00,68063.3,68130.7,67411.0,67809.4,20253.761
2026-03-07 08:00:00+00:00,67809.5,68215.6,67675.0,67975.9,13839.088
2026-03-07 12:00:00+00:00,67976.0,68061.1,67568.4,67844.8,13378.413
2026-03-07 16:00:00+00:00,67844.8,67913.6,66850.1,67042.6,19525.49
2026-03-07 20:00:00+00:00,67042.6,67445.9,67028.0,67232.1,13398.751
2026-03-08 00:00:00+00:00,67232.1,67459.0,66720.8,66974.9,16885.389
2026-03-08 04:00:00+00:00,66974.9,67430.0,66508.0,67277.2,18554.059
2026-03-08 08:00:00+00:00,67277.1,68171.6,67121.1,67490.0,27801.877
2026-03-08 12:00:00+00:00,67490.1,67623.0,66730.0,67174.7,27339.604
2026-03-08 16:00:00+00:00,67174.6,67459.2,66707.0,67299.0,18854.836
2026-03-08 20:00:00+00:00,67299.0,67496.4,65569.2,65934.3,46312.208
2026-03-09 00:00:00+00:00,65934.3,67646.0,65770.5,67165.3,41435.983
2026-03-09 04:00:00+00:00,67165.3,68038.4,66833.9,67504.8,42658.686
2026-03-09 08:00:00+00:00,67504.9,68441.5,67301.0,67723.3,33413.817
2026-03-09 12:00:00+00:00,67723.3,69449.1,67714.2,68832.3,64501.076
2026-03-09 16:00:00+00:00,68832.4,69498.0,68200.1,68951.8,39934.468
2026-03-09 20:00:00+00:00,68951.8,69100.2,68333.0,68394.1,15267.517
2026-03-10 00:00:00+00:00,68394.0,70555.0,68345.0,69391.0,51529.441999999995
2026-03-10 04:00:00+00:00,69391.0,70500.0,69391.0,70374.7,28318.564
2026-03-10 08:00:00+00:00,70374.7,71272.4,70332.2,70570.1,38904.133
2026-03-10 12:00:00+00:00,70570.1,71748.1,69184.8,71296.9,79824.041
2026-03-10 16:00:00+00:00,71296.9,71665.8,69688.0,70005.2,43473.679
2026-03-10 20:00:00+00:00,70005.1,70375.4,69388.0,69901.9,23624.625
2026-03-11 00:00:00+00:00,69901.8,70139.6,69455.6,69517.0,19934.411
2026-03-11 04:00:00+00:00,69517.0,70249.1,69329.7,69622.1,22428.745
2026-03-11 08:00:00+00:00,69622.2,69750.0,69098.0,69144.0,19591.571
2026-03-11 12:00:00+00:00,69144.0,71060.7,68932.9,70186.9,81262.52
2026-03-11 16:00:00+00:00,70187.0,71286.0,70093.2,70600.8,37304.834
2026-03-11 20:00:00+00:00,70600.7,70931.9,70078.6,70150.0,15105.875
2026-03-12 00:00:00+00:00,70150.0,70314.1,69180.0,69402.6,24677.582
2026-03-12 04:00:00+00:00,69402.6,69818.8,69150.0,69782.6,17621.829999999998
2026-03-12 08:00:00+00:00,69782.7,70756.5,69540.9,70388.5,35040.695
2026-03-12 12:00:00+00:00,70388.6,70625.0,69303.8,70282.9,60362.28
2026-03-12 16:00:00+00:00,70282.8,70530.0,69725.0,70393.7,33038.945
2026-03-12 20:00:00+00:00,70393.7,70727.9,69974.7,70480.1,15749.261
2026-03-13 00:00:00+00:00,70480.1,71979.2,70342.7,71366.3,49074.595
2026-03-13 04:00:00+00:00,71366.3,71649.7,71150.0,71585.3,22770.578
2026-03-13 08:00:00+00:00,71585.2,72547.0,71347.1,72189.9,43793.534
2026-03-13 12:00:00+00:00,72189.8,73870.0,71700.0,71800.0,95514.604
2026-03-13 16:00:00+00:00,71800.1,72215.1,70811.0,71148.0,67789.571
2026-03-13 20:00:00+00:00,71148.1,71452.1,70510.8,70895.5,21289.238999999998
2026-03-14 00:00:00+00:00,70895.5,71141.7,70436.2,71034.3,17911.298
2026-03-14 04:00:00+00:00,71034.3,71272.3,70256.0,70565.6,20769.739
2026-03-14 08:00:00+00:00,70565.6,70745.1,70350.0,70705.0,11804.118
2026-03-14 12:00:00+00:00,70705.0,70914.6,70444.1,70554.6,12725.591
2026-03-14 16:00:00+00:00,70554.7,70707.9,70455.6,70664.1,5710.845
2026-03-14 20:00:00+00:00,70664.1,71221.9,70607.7,71174.4,10361.423
2026-03-15 00:00:00+00:00,71174.4,71599.9,70815.7,71314.8,17119.67
2026-03-15 04:00:00+00:00,71314.8,71750.0,71277.1,71420.8,16031.421
2026-03-15 08:00:00+00:00,71420.8,71897.9,71420.8,71800.0,14103.141
2026-03-15 12:00:00+00:00,71800.1,71800.1,71220.1,71444.4,19469.966
2026-03-15 16:00:00+00:00,71444.4,71971.8,71275.0,71515.2,17115.499
2026-03-15 20:00:00+00:00,71515.2,73199.9,71396.4,72778.9,42634.545
2026-03-16 00:00:00+00:00,72778.8,74307.3,72235.6,73539.5,50880.921
2026-03-16 04:00:00+00:00,73539.5,74444.0,73345.9,73427.7,55945.157
2026-03-16 08:00:00+00:00,73427.8,73856.6,72841.9,73515.3,30983.237
2026-03-16 12:00:00+00:00,73515.3,74481.5,72926.4,73240.2,65250.406
2026-03-16 16:00:00+00:00,73240.2,74399.9,73122.0,73928.8,31945.377
2026-03-16 20:00:00+00:00,73928.8,74880.0,73819.0,74846.4,34071.892
2026-03-17 00:00:00+00:00,74846.4,75998.9,74231.6,74424.9,58475.828
2026-03-17 04:00:00+00:00,74424.9,74652.2,73723.4,74212.7,34915.028
2026-03-17 08:00:00+00:00,74212.8,74418.5,73512.0,73997.1,29483.915
2026-03-17 12:00:00+00:00,73997.1,74856.2,73330.3,73878.5,51694.124
2026-03-17 16:00:00+00:00,73878.5,74763.6,73826.8,74460.8,27312.217
2026-03-17 20:00:00+00:00,74460.8,74777.0,73829.5,73872.4,16397.861
2026-03-18 00:00:00+00:00,73872.3,74633.0,73492.0,74414.6,17853.087
2026-03-18 04:00:00+00:00,74414.7,74455.7,73636.5,73840.0,16057.317
2026-03-18 08:00:00+00:00,73840.1,74246.2,72731.6,72906.4,34321.746
2026-03-18 12:00:00+00:00,72906.4,72947.4,70821.2,71436.4,94292.645
2026-03-18 16:00:00+00:00,71436.3,71980.5,70858.3,71030.3,40790.497
2026-03-18 20:00:00+00:00,71030.3,71438.1,70456.0,71202.9,23440.177
2026-03-19 00:00:00+00:00,71202.9,71598.3,70858.4,71180.0,16806.3
2026-03-19 04:00:00+00:00,71180.0,71180.0,69421.1,70145.1,45952.411
2026-03-19 08:00:00+00:00,70145.0,70535.0,69860.3,69926.8,28698.426
2026-03-19 12:00:00+00:00,69926.8,70144.6,68750.0,69372.7,72865.933
2026-03-19 16:00:00+00:00,69372.8,70563.5,69065.4,70233.1,36895.021
2026-03-19 20:00:00+00:00,70233.0,70655.2,69677.1,69887.4,17428.086
2026-03-20 00:00:00+00:00,69887.4,70777.0,69801.3,70696.1,18120.173
2026-03-20 04:00:00+00:00,70696.1,70944.9,70161.0,70811.9,21998.628
2026-03-20 08:00:00+00:00,70812.0,71342.2,70175.0,70439.9,35467.865
2026-03-20 12:00:00+00:00,70440.0,70647.5,69450.0,69829.5,61685.772
2026-03-20 16:00:00+00:00,69829.5,70161.0,69350.0,70141.9,28032.496
2026-03-20 20:00:00+00:00,70141.9,70888.0,69701.3,70472.7,20936.583
2026-03-21 00:00:00+00:00,70472.6,70803.1,70403.2,70638.0,8766.87
2026-03-21 04:00:00+00:00,70637.9,70849.2,70582.7,70687.3,8316.4
2026-03-21 08:00:00+00:00,70687.4,70721.7,70455.6,70618.3,8839.546
2026-03-21 12:00:00+00:00,70618.2,71077.7,70420.0,70599.1,14845.432999999999
2026-03-21 16:00:00+00:00,70599.1,70620.2,70163.0,70365.9,10277.605
2026-03-21 20:00:00+00:00,70365.8,70482.2,68511.3,68881.5,23039.032
2026-03-22 00:00:00+00:00,68881.5,69555.8,68189.0,69307.0,35724.348
2026-03-22 04:00:00+00:00,69307.1,69493.2,68846.4,68884.5,13159.053
2026-03-22 08:00:00+00:00,68884.5,68950.0,68030.0,68177.0,22401.831
2026-03-22 12:00:00+00:00,68177.0,69000.0,68153.1,68814.9,20510.702
2026-03-22 16:00:00+00:00,68814.9,68852.3,68108.0,68170.6,11335.985
2026-03-22 20:00:00+00:00,68170.6,68470.6,67300.0,67830.6,31748.645
2026-03-23 00:00:00+00:00,67830.7,68555.5,67400.1,68045.1,25498.732
2026-03-23 04:00:00+00:00,68045.2,68872.4,67456.7,68306.0,38017.808
2026-03-23 08:00:00+00:00,68305.9,71468.0,67880.0,70097.3,98820.429
2026-03-23 12:00:00+00:00,70097.2,71789.8,69644.0,70112.2,82230.708
2026-03-23 16:00:00+00:00,70112.2,71232.0,70100.5,70647.1,33568.0
2026-03-23 20:00:00+00:00,70647.1,70976.3,70370.0,70865.9,12964.001
2026-03-24 00:00:00+00:00,70866.0,71080.0,70232.0,70512.1,16904.604
2026-03-24 04:00:00+00:00,70512.1,71377.5,70075.5,71255.2,25264.519
2026-03-24 08:00:00+00:00,71255.2,71339.8,70812.7,71116.4,20900.666
2026-03-24 12:00:00+00:00,71116.4,71144.0,69467.8,69837.7,60563.264
2026-03-24 16:00:00+00:00,69837.6,69979.0,68884.5,69342.6,40454.956
2026-03-24 20:00:00+00:00,69342.6,70800.0,69257.9,70523.9,32103.941
2026-03-25 00:00:00+00:00,70524.0,71028.0,70375.0,70689.3,20167.741
2026-03-25 04:00:00+00:00,70689.2,71319.9,70659.9,70900.0,20176.191
2026-03-25 08:00:00+00:00,70899.9,71999.9,70752.5,71650.3,31609.885000000002
2026-03-25 12:00:00+00:00,71650.3,71933.3,70531.4,70792.4,50063.907
2026-03-25 16:00:00+00:00,70792.4,71742.2,70623.4,70853.2,30523.044
2026-03-25 20:00:00+00:00,70853.3,71606.0,70603.0,71297.5,13975.081
2026-03-26 00:00:00+00:00,71297.5,71408.1,70640.0,70881.9,15369.374
2026-03-26 04:00:00+00:00,70882.0,70882.0,69722.6,70053.8,28170.739
2026-03-26 08:00:00+00:00,70053.8,70131.5,69127.2,69239.3,31299.448
2026-03-26 12:00:00+00:00,69239.3,69872.2,68553.4,69054.8,49114.5
2026-03-26 16:00:00+00:00,69054.9,69138.8,68115.8,68502.7,32420.866
2026-03-26 20:00:00+00:00,68502.7,69466.6,68378.5,68788.0,30098.687
2026-03-27 00:00:00+00:00,68788.1,69142.7,68458.5,68728.8,15782.447
2026-03-27 04:00:00+00:00,68728.8,68925.0,68257.2,68501.7,22617.561
2026-03-27 08:00:00+00:00,68501.8,68619.9,66175.4,66663.2,66255.788
2026-03-27 12:00:00+00:00,66663.3,66742.2,65681.5,66092.0,59804.127
2026-03-27 16:00:00+00:00,66091.9,66267.4,65501.0,66005.4,34760.006
2026-03-27 20:00:00+00:00,66005.5,66384.0,65766.1,66364.2,13131.119
2026-03-28 00:00:00+00:00,66364.1,66472.4,65888.0,66191.8,13447.828
2026-03-28 04:00:00+00:00,66191.8,66533.9,66068.3,66520.8,9361.184
2026-03-28 08:00:00+00:00,66520.9,66529.4,66087.3,66288.5,10694.728
2026-03-28 12:00:00+00:00,66288.4,67284.0,66191.7,66982.3,31909.105
2026-03-28 16:00:00+00:00,66982.4,67065.0,66644.0,66873.0,11262.952
2026-03-28 20:00:00+00:00,66873.0,66978.0,66233.6,66334.8,12697.695
2026-03-29 00:00:00+00:00,66334.8,67100.0,66235.6,66875.7,15037.104
2026-03-29 04:00:00+00:00,66875.7,66907.5,66521.4,66632.5,10557.619999999999
2026-03-29 08:00:00+00:00,66632.4,66986.8,66375.5,66780.8,11793.427
2026-03-29 12:00:00+00:00,66780.8,66849.0,66288.1,66500.0,16588.365
2026-03-29 16:00:00+00:00,66499.9,66639.0,66111.0,66320.2,12137.954
2026-03-29 20:00:00+00:00,66320.3,66767.9,64918.2,65977.9,44163.926
2026-03-30 00:00:00+00:00,65978.0,67487.7,65754.2,67139.8,43452.227
2026-03-30 04:00:00+00:00,67140.0,67777.0,67129.3,67595.9,24988.604
2026-03-30 08:00:00+00:00,67595.9,67998.0,67333.3,67651.5,25240.799
2026-03-30 12:00:00+00:00,67651.5,68148.4,67055.0,67590.2,42769.125
2026-03-30 16:00:00+00:00,67590.2,67614.9,66200.1,66516.0,34170.069
2026-03-30 20:00:00+00:00,66515.9,66973.5,66377.1,66764.4,16438.241
2026-03-31 00:00:00+00:00,66764.4,68377.0,66498.9,67670.8,38783.787
2026-03-31 04:00:00+00:00,67670.8,67865.7,67071.9,67343.8,21775.2
2026-03-31 08:00:00+00:00,67343.9,67476.9,65938.0,66652.4,45906.629
2026-03-31 12:00:00+00:00,66652.4,67765.8,66374.4,66700.0,60392.206
2026-03-31 16:00:00+00:00,66700.0,68600.0,66695.9,67803.0,60172.062
2026-03-31 20:00:00+00:00,67803.0,68382.9,67794.8,68241.5,16303.201000000001
2026-04-01 00:00:00+00:00,68241.4,68330.0,67534.9,68134.0,21051.997
2026-04-01 04:00:00+00:00,68134.0,69288.0,67965.0,68651.9,39490.528
2026-04-01 08:00:00+00:00,68651.9,68821.5,68360.0,68669.9,19706.052
2026-04-01 12:00:00+00:00,68670.0,68938.8,67883.7,68877.0,38470.852
2026-04-01 16:00:00+00:00,68876.9,69142.6,67900.4,68143.8,27241.301
2026-04-01 20:00:00+00:00,68143.7,68510.6,67927.0,68086.5,11315.49
2026-04-02 00:00:00+00:00,68086.4,68639.1,66455.9,66538.4,51050.567
2026-04-02 04:00:00+00:00,66538.4,66898.5,66171.8,66887.9,25041.797
2026-04-02 08:00:00+00:00,66887.8,66887.9,66065.1,66180.6,19810.094
2026-04-02 12:00:00+00:00,66180.6,67080.0,65676.1,66810.6,54090.961
2026-04-02 16:00:00+00:00,66810.6,67400.0,66550.0,66943.2,29514.463
2026-04-02 20:00:00+00:00,66943.2,67078.9,66681.3,66868.5,8851.039
2026-04-03 00:00:00+00:00,66868.6,66976.2,66240.0,66550.0,18212.835
2026-04-03 04:00:00+00:00,66550.1,67233.3,66375.1,67008.8,13472.972
2026-04-03 08:00:00+00:00,67008.8,67258.0,66644.0,66983.4,12486.352
2026-04-03 12:00:00+00:00,66983.5,67350.0,66478.5,66806.1,22358.522
2026-04-03 16:00:00+00:00,66806.0,67046.1,66714.1,66857.0,7921.876
2026-04-03 20:00:00+00:00,66857.0,66946.3,66791.8,66930.0,4815.276
2026-04-04 00:00:00+00:00,66930.0,66935.3,66773.3,66799.1,3902.732
2026-04-04 04:00:00+00:00,66799.1,67023.7,66745.5,66982.0,6007.355
2026-04-04 08:00:00+00:00,66982.1,67223.8,66874.5,67128.9,7992.931
2026-04-04 12:00:00+00:00,67128.9,67554.5,67003.7,67357.3,16379.357
2026-04-04 16:00:00+00:00,67357.4,67523.8,67226.4,67262.7,11176.887
2026-04-04 20:00:00+00:00,67262.8,67452.7,67150.6,67271.0,5311.075
2026-04-05 00:00:00+00:00,67271.1,67279.2,66900.0,67113.5,6903.652
2026-04-05 04:00:00+00:00,67113.4,67160.0,66575.5,66787.4,13916.33
2026-04-05 08:00:00+00:00,66787.4,67132.8,66782.1,66972.7,6904.214
2026-04-05 12:00:00+00:00,66972.7,67828.6,66650.0,67272.2,27564.797
2026-04-05 16:00:00+00:00,67272.2,67540.0,67132.2,67329.1,10633.01
2026-04-05 20:00:00+00:00,67329.1,69108.0,67302.4,68997.9,38996.166
2026-04-06 00:00:00+00:00,68997.9,69583.0,68740.2,69092.4,31472.532
2026-04-06 04:00:00+00:00,69092.3,69338.2,68769.6,69089.7,16774.749
2026-04-06 08:00:00+00:00,69089.8,70252.9,69047.7,69583.6,31538.644
2026-04-06 12:00:00+00:00,69583.5,69931.9,69088.0,69922.5,31536.197
2026-04-06 16:00:00+00:00,69922.4,70332.5,69240.0,69704.8,28697.393
2026-04-06 20:00:00+00:00,69704.8,69940.0,68227.5,68817.9,26737.720999999998
2026-04-07 00:00:00+00:00,68817.9,69111.8,68241.9,68746.3,22331.356
2026-04-07 04:00:00+00:00,68746.4,68955.6,68400.6,68592.1,12350.999
2026-04-07 08:00:00+00:00,68592.0,69219.0,68033.0,68310.8,32353.624
2026-04-07 12:00:00+00:00,68310.7,68613.8,67711.0,68138.4,38539.121
2026-04-07 16:00:00+00:00,68138.5,69068.6,68049.9,68975.9,28366.793
2026-04-07 20:00:00+00:00,68975.9,72743.4,68975.9,71890.2,98886.354
2026-04-08 00:00:00+00:00,71890.2,72086.4,71186.0,71259.6,26757.697
2026-04-08 04:00:00+00:00,71259.7,71919.0,71250.0,71612.0,17009.861
2026-04-08 08:00:00+00:00,71612.1,71945.0,71367.0,71650.2,14461.09
2026-04-08 12:00:00+00:00,71650.2,72858.5,70671.6,71274.8,79220.378
2026-04-08 16:00:00+00:00,71274.9,71934.5,70980.0,71283.0,32164.665
2026-04-08 20:00:00+00:00,71283.0,71726.7,70850.9,71038.1,13764.801
2026-04-09 00:00:00+00:00,71038.2,71168.0,70428.0,70961.2,21193.853
2026-04-09 04:00:00+00:00,70961.2,71087.8,70666.0,70945.0,12002.442000000001
2026-04-09 08:00:00+00:00,70945.0,71533.0,70831.9,71109.9,17310.192
2026-04-09 12:00:00+00:00,71109.9,72320.0,70470.2,72108.0,49151.802
2026-04-09 16:00:00+00:00,72108.0,72517.9,71688.8,72055.9,41877.194
2026-04-09 20:00:00+00:00,72055.8,73128.0,71539.9,71750.4,34270.974
2026-04-10 00:00:00+00:00,71750.4,72350.0,71546.0,71837.3,21715.955
2026-04-10 04:00:00+00:00,71837.3,72243.6,71382.1,71461.2,16485.581
2026-04-10 08:00:00+00:00,71461.2,72229.0,71395.0,72092.7,19118.232
2026-04-10 12:00:00+00:00,72092.8,73255.7,71868.5,72421.0,57943.465
2026-04-10 16:00:00+00:00,72421.1,73223.4,72350.0,73187.3,23358.005
2026-04-10 20:00:00+00:00,73187.4,73450.0,72669.1,72917.4,17948.428
2026-04-11 00:00:00+00:00,72917.4,73066.2,72615.0,72835.1,10123.999
2026-04-11 04:00:00+00:00,72835.1,72921.5,72566.4,72707.7,11906.343
2026-04-11 08:00:00+00:00,72707.8,72886.0,72580.0,72868.2,8113.981
2026-04-11 12:00:00+00:00,72868.2,72945.0,72451.9,72817.3,12417.345
2026-04-11 16:00:00+00:00,72817.3,73773.4,72775.3,73635.9,23634.789
2026-04-11 20:00:00+00:00,73635.9,73648.8,72861.2,73013.4,13973.213
2026-04-12 00:00:00+00:00,73013.4,73094.4,71259.0,71563.6,43169.182
2026-04-12 04:00:00+00:00,71563.6,71750.0,71369.7,71628.1,12023.589
2026-04-12 08:00:00+00:00,71628.2,71750.0,71309.7,71435.0,8820.093
2026-04-12 12:00:00+00:00,71435.0,71478.0,70566.5,70856.2,34941.462
2026-04-12 16:00:00+00:00,70856.1,71199.0,70777.0,71055.2,11517.812
2026-04-12 20:00:00+00:00,71055.2,71423.9,70458.2,70711.1,24350.851
2026-04-13 00:00:00+00:00,70711.2,71245.0,70574.0,70944.8,15132.601
2026-04-13 04:00:00+00:00,70944.8,71114.9,70627.9,70780.0,11392.397
2026-04-13 08:00:00+00:00,70780.1,70960.3,70517.3,70883.9,11273.638
2026-04-13 12:00:00+00:00,70883.9,72431.0,70722.3,71823.6,57450.265
2026-04-13 16:00:00+00:00,71823.6,73441.7,71629.5,73272.2,56314.37
2026-04-13 20:00:00+00:00,73272.1,74870.0,72953.3,74385.0,61466.248
2026-04-14 00:00:00+00:00,74384.9,74583.1,73946.9,74408.8,19651.083
2026-04-14 04:00:00+00:00,74408.8,74900.0,74112.2,74513.4,16214.625
2026-04-14 08:00:00+00:00,74513.3,74873.5,74267.2,74342.4,16225.412
2026-04-14 12:00:00+00:00,74342.4,76009.0,74234.0,75268.1,75098.043
2026-04-14 16:00:00+00:00,75268.1,75684.9,73789.7,74176.4,41947.024
2026-04-14 20:00:00+00:00,74176.5,74387.7,73766.8,74106.9,14125.303
2026-04-15 00:00:00+00:00,74106.9,74739.2,74085.0,74296.8,16203.804
2026-04-15 04:00:00+00:00,74296.8,74400.0,73449.0,73705.1,19300.982
2026-04-15 08:00:00+00:00,73705.2,74227.5,73640.1,74155.1,17459.363
2026-04-15 12:00:00+00:00,74155.0,74473.5,73540.0,73797.5,32291.529
2026-04-15 16:00:00+00:00,73797.5,75240.0,73714.9,74957.8,24574.563000000002
2026-04-15 20:00:00+00:00,74957.7,75425.6,74466.5,74776.2,21199.53
2026-04-16 00:00:00+00:00,74776.3,75232.7,74400.0,74851.9,15651.25
2026-04-16 04:00:00+00:00,74851.9,75130.0,74590.3,74667.7,17045.274
2026-04-16 08:00:00+00:00,74667.7,74866.9,74226.2,74528.4,20577.67
2026-04-16 12:00:00+00:00,74528.4,74981.1,73256.8,74659.5,56715.81
2026-04-16 16:00:00+00:00,74659.5,75378.1,73873.5,75309.4,32912.364
2026-04-16 20:00:00+00:00,75309.5,75500.0,74736.5,75106.8,15495.357
2026-04-17 00:00:00+00:00,75106.8,75118.4,74480.0,74582.8,13107.449999999999
2026-04-17 04:00:00+00:00,74582.8,75060.4,74508.2,75047.4,11691.865
2026-04-17 08:00:00+00:00,75047.4,76350.0,74951.6,75542.2,53474.253000000004
2026-04-17 12:00:00+00:00,75542.1,77999.9,75481.8,77736.2,107834.631
2026-04-17 16:00:00+00:00,77736.2,78300.0,76921.9,77348.8,40552.358
2026-04-17 20:00:00+00:00,77349.2,77566.0,76854.2,77030.6,12735.358
2026-04-18 00:00:00+00:00,77030.6,77380.0,76903.2,76964.3,9887.034
2026-04-18 04:00:00+00:00,76964.4,77233.6,76824.1,76951.0,10695.009
2026-04-18 08:00:00+00:00,76951.0,77004.2,75710.6,76002.0,37691.022
2026-04-18 12:00:00+00:00,76002.0,76342.7,75738.0,76124.8,17432.324
2026-04-18 16:00:00+00:00,76124.8,76176.6,75395.9,75604.2,23009.346
2026-04-18 20:00:00+00:00,75604.2,75843.3,75551.0,75653.8,7179.656
2026-04-19 00:00:00+00:00,75653.8,75804.0,75314.0,75473.0,10862.513
2026-04-19 04:00:00+00:00,75472.9,75747.3,74824.3,75205.6,18131.041
2026-04-19 08:00:00+00:00,75205.7,75589.2,74863.6,75557.4,14364.469
2026-04-19 12:00:00+00:00,75557.5,76200.0,75342.3,75807.6,28969.611
2026-04-19 16:00:00+00:00,75807.7,75817.7,74550.0,74917.9,25232.576
2026-04-19 20:00:00+00:00,74918.0,74920.2,73700.2,73758.4,31418.001
2026-04-20 00:00:00+00:00,73758.4,74697.6,73669.0,74593.9,21233.994
2026-04-20 04:00:00+00:00,74593.9,75539.3,74061.2,74795.5,25444.888
2026-04-20 08:00:00+00:00,74795.5,75375.1,74563.2,75148.7,18020.188000000002
2026-04-20 12:00:00+00:00,75148.8,75750.0,74639.5,75668.1,42510.02
2026-04-20 16:00:00+00:00,75668.1,76449.8,75242.5,76252.5,38692.836
2026-04-20 20:00:00+00:00,76252.5,76531.0,75556.2,75790.1,20247.741
2026-04-21 00:00:00+00:00,75790.1,76232.3,75433.1,75669.1,13838.396
2026-04-21 04:00:00+00:00,75669.1,76276.6,75558.8,76050.0,14272.52
2026-04-21 08:00:00+00:00,76050.0,76999.0,76025.0,76408.3,27821.111
2026-04-21 12:00:00+00:00,76408.3,76574.3,75355.2,75799.9,48277.16
2026-04-21 16:00:00+00:00,75800.0,76155.0,74777.9,74988.6,38568.672
2026-04-21 20:00:00+00:00,74988.7,76396.2,74942.2,76288.2,21983.128
2026-04-22 00:00:00+00:00,76288.3,77699.0,76078.6,77488.3,39061.724
2026-04-22 04:00:00+00:00,77488.4,78447.5,77321.7,77979.8,41227.885
2026-04-22 08:00:00+00:00,77979.7,78365.8,77895.3,78263.2,15681.688
2026-04-22 12:00:00+00:00,78263.2,79370.0,78060.0,79234.3,53011.501000000004
2026-04-22 16:00:00+00:00,79234.3,79444.0,78586.7,78791.3,27094.127
2026-04-22 20:00:00+00:00,78791.3,78868.9,78111.6,78139.8,15010.171
2026-04-23 00:00:00+00:00,78139.7,78534.9,77410.7,77704.3,29046.607
2026-04-23 04:00:00+00:00,77704.3,78310.1,77627.4,78009.1,17571.723
2026-04-23 08:00:00+00:00,78009.1,78142.2,76504.6,77649.9,35463.4
2026-04-23 12:00:00+00:00,77650.0,78648.0,77322.8,78329.2,35494.645000000004
2026-04-23 16:00:00+00:00,78329.3,78466.8,76900.1,77670.5,43195.351
2026-04-23 20:00:00+00:00,77670.4,78299.0,77598.4,78216.8,11713.286
2026-04-24 00:00:00+00:00,78217.4,78546.0,77500.0,77690.1,23409.632999999998
2026-04-24 04:00:00+00:00,77690.1,78019.2,77401.5,77620.5,17255.414
2026-04-24 08:00:00+00:00,77620.5,78346.1,77355.8,78194.8,25294.889
2026-04-24 12:00:00+00:00,78194.9,78432.9,77521.0,78007.3,31389.885000000002
2026-04-24 16:00:00+00:00,78007.3,78031.9,77308.0,77596.1,20079.534
2026-04-24 20:00:00+00:00,77596.0,77727.0,77206.8,77395.4,10353.65
2026-04-25 00:00:00+00:00,77395.3,77678.0,77254.7,77629.0,6659.441
2026-04-25 04:00:00+00:00,77629.0,77653.2,77400.0,77449.9,5246.887
2026-04-25 08:00:00+00:00,77449.9,77847.0,77444.0,77638.7,8566.49
2026-04-25 12:00:00+00:00,77638.7,77719.1,77263.0,77289.3,9750.494
2026-04-25 16:00:00+00:00,77289.3,77411.8,77100.0,77285.6,10601.66
2026-04-25 20:00:00+00:00,77285.7,77615.7,77267.3,77585.0,5767.514
2026-04-26 00:00:00+00:00,77585.0,77607.7,77280.0,77349.3,6370.913
2026-04-26 04:00:00+00:00,77349.3,78164.7,77338.4,78061.5,15176.812
2026-04-26 08:00:00+00:00,78061.5,78182.8,77880.0,78050.0,6338.101000000001
2026-04-26 12:00:00+00:00,78050.0,78136.5,77715.0,78007.9,11383.992
2026-04-26 16:00:00+00:00,78007.9,78477.9,77815.0,78183.1,15250.276
2026-04-26 20:00:00+00:00,78183.2,78994.8,77777.0,78613.5,25423.211
2026-04-27 00:00:00+00:00,78614.4,79455.0,78319.1,79065.1,28332.003
2026-04-27 04:00:00+00:00,79065.1,79128.1,77408.6,77556.7,46056.494
2026-04-27 08:00:00+00:00,77556.7,77949.9,77500.0,77804.3,15085.328
2026-04-27 12:00:00+00:00,77804.3,78232.0,76524.0,76760.0,45532.905
2026-04-27 16:00:00+00:00,76760.0,76902.7,76400.0,76844.4,20255.064
2026-04-27 20:00:00+00:00,76844.3,77419.7,76714.8,77331.2,13839.089
2026-04-28 00:00:00+00:00,77331.2,77450.0,76632.4,76770.6,16306.693
2026-04-28 04:00:00+00:00,76770.6,77132.4,76324.1,76828.4,17501.573
2026-04-28 08:00:00+00:00,76828.3,76956.0,76088.0,76198.8,16237.845
2026-04-28 12:00:00+00:00,76198.9,76403.7,75635.6,76027.8,32920.405
2026-04-28 16:00:00+00:00,76027.7,76352.0,75840.3,76293.6,12516.735
2026-04-28 20:00:00+00:00,76293.5,76448.0,76150.0,76298.1,8435.626
2026-04-29 00:00:00+00:00,76298.2,77098.8,76138.7,76955.7,17757.966
2026-04-29 04:00:00+00:00,76955.7,77432.1,76839.8,77003.8,24024.0
2026-04-29 08:00:00+00:00,77003.8,77873.2,76918.5,77552.5,25723.964
2026-04-29 12:00:00+00:00,77552.5,77563.6,75675.2,75889.1,47484.616
2026-04-29 16:00:00+00:00,75889.1,76220.0,74868.0,75518.5,54386.306
2026-04-29 20:00:00+00:00,75518.4,76061.2,75448.0,75749.9,17156.650999999998
2026-04-30 00:00:00+00:00,75749.9,76445.0,75448.9,75882.1,22074.553
2026-04-30 04:00:00+00:00,75881.6,76148.0,75273.5,76129.9,15761.964
2026-04-30 08:00:00+00:00,76129.9,76332.6,75836.0,76032.9,15331.776
2026-04-30 12:00:00+00:00,76032.9,76630.3,76009.8,76423.0,26961.697
2026-04-30 16:00:00+00:00,76423.0,76470.5,76060.4,76366.7,11760.837
2026-04-30 20:00:00+00:00,76366.7,76536.2,76155.1,76305.4,7863.633
2026-06-01 00:00:00+00:00,73653.2,74070.5,73171.0,73731.3,18398.144
2026-06-01 04:00:00+00:00,73731.4,73815.9,72668.0,72776.1,22007.162
2026-06-01 08:00:00+00:00,72776.1,73084.0,72188.0,72452.8,27389.75
2026-06-01 12:00:00+00:00,72452.7,72583.7,71035.3,71099.4,86549.322
2026-06-01 16:00:00+00:00,71099.5,71788.5,70650.9,71571.0,38288.275
2026-06-01 20:00:00+00:00,71571.0,71670.0,70806.0,71391.5,20838.475
2026-06-02 00:00:00+00:00,71391.5,71397.0,70038.0,70920.7,34734.101
2026-06-02 04:00:00+00:00,70920.8,71022.7,69666.8,70079.4,38610.039
2026-06-02 08:00:00+00:00,70079.5,70146.2,69277.8,69430.2,31530.799
2026-06-02 12:00:00+00:00,69430.2,69514.6,67035.5,67274.0,107503.754
2026-06-02 16:00:00+00:00,67274.0,68121.9,66388.0,67286.7,70497.295
2026-06-02 20:00:00+00:00,67286.7,67899.9,66150.7,66730.0,63826.164
2026-06-03 00:00:00+00:00,66730.1,67195.7,65359.1,65818.4,59070.502
2026-06-03 04:00:00+00:00,65818.3,67493.8,65791.4,67186.7,54095.531
2026-06-03 08:00:00+00:00,67186.7,67448.0,66620.0,67040.1,36554.161
2026-06-03 12:00:00+00:00,67040.1,67220.2,66036.2,66046.5,45358.494
2026-06-03 16:00:00+00:00,66046.6,66359.4,65199.0,65428.6,52731.38
2026-06-03 20:00:00+00:00,65428.5,65829.4,64050.8,64117.7,63091.47
2026-06-04 00:00:00+00:00,64117.7,64495.9,61344.8,64336.2,138498.717
2026-06-04 04:00:00+00:00,64336.2,64739.8,63450.0,63561.7,48763.085
2026-06-04 08:00:00+00:00,63561.8,63875.9,62150.8,62520.7,83019.001
2026-06-04 12:00:00+00:00,62520.7,64463.7,62344.1,63864.8,82851.335
2026-06-04 16:00:00+00:00,63864.8,64150.8,62910.0,63600.3,47629.314
2026-06-04 20:00:00+00:00,63600.2,63897.0,63040.0,63853.4,30413.159
2026-06-05 00:00:00+00:00,63853.4,63955.0,62300.0,62699.7,39487.449
2026-06-05 04:00:00+00:00,62700.0,63674.9,61067.6,63075.6,95582.01
2026-06-05 08:00:00+00:00,63075.5,63231.8,61928.3,61929.5,37751.827
2026-06-05 12:00:00+00:00,61929.6,62437.5,60005.8,60400.8,115682.492
2026-06-05 16:00:00+00:00,60400.8,61550.0,59080.0,60267.7,127122.155
2026-06-05 20:00:00+00:00,60267.4,61985.1,59903.8,61022.0,62535.952
2026-06-06 00:00:00+00:00,61022.0,61500.0,60490.0,60662.6,23442.856
2026-06-06 04:00:00+00:00,60662.6,61250.0,59451.3,60975.2,61769.424
2026-06-06 08:00:00+00:00,60975.2,61475.0,60146.0,60773.5,34049.199
2026-06-06 12:00:00+00:00,60773.5,61173.5,60353.4,60754.1,26083.469
2026-06-06 16:00:00+00:00,60754.2,60949.9,60363.0,60563.9,15773.431999999999
2026-06-06 20:00:00+00:00,60563.9,60969.2,60390.0,60849.7,13642.463
2026-06-07 00:00:00+00:00,60849.7,61763.9,60708.0,61671.1,26805.32
2026-06-07 04:00:00+00:00,61671.1,62380.0,61447.2,62366.0,33448.333
2026-06-07 08:00:00+00:00,62366.0,62942.4,62217.4,62598.8,34727.841
2026-06-07 12:00:00+00:00,62598.8,62617.7,61509.1,62071.6,44650.304
2026-06-07 16:00:00+00:00,62071.7,62327.0,61150.2,61303.8,26818.748
2026-06-07 20:00:00+00:00,61303.7,64250.0,61189.7,63298.5,51028.487
2026-06-08 00:00:00+00:00,63299.0,63849.5,62676.8,63101.6,30516.736
2026-06-08 04:00:00+00:00,63101.6,63320.9,62377.0,63259.9,24789.068
2026-06-08 08:00:00+00:00,63259.9,63861.3,62955.7,63450.1,28239.331000000002
2026-06-08 12:00:00+00:00,63450.1,64179.5,62658.4,63745.4,59094.067
2026-06-08 16:00:00+00:00,63745.3,64029.5,63209.6,63348.2,21761.634
2026-06-08 20:00:00+00:00,63348.3,63832.5,62939.7,63057.9,20040.217
2026-06-09 00:00:00+00:00,63057.9,63157.3,62381.2,62841.0,30323.516
2026-06-09 04:00:00+00:00,62841.1,63499.9,62715.4,63170.8,25943.769
2026-06-09 08:00:00+00:00,63170.9,63183.0,62457.5,62679.4,24571.806
2026-06-09 12:00:00+00:00,62679.5,62868.2,61001.0,61100.7,71792.227
2026-06-09 16:00:00+00:00,61100.6,62079.5,60755.0,62068.8,51223.379
2026-06-09 20:00:00+00:00,62068.9,62253.2,61519.0,61695.0,17544.777000000002
2026-06-10 00:00:00+00:00,61694.9,61947.4,61201.0,61518.2,19223.281
2026-06-10 04:00:00+00:00,61518.3,61783.4,61045.7,61654.3,19444.11
2026-06-10 08:00:00+00:00,61654.3,61707.6,60691.9,61003.1,33088.168
2026-06-10 12:00:00+00:00,61003.1,62840.2,60930.0,62604.8,66353.205
2026-06-10 16:00:00+00:00,62604.7,62617.1,61552.0,61908.7,31582.234
2026-06-10 20:00:00+00:00,61908.7,61921.2,61068.6,61483.7,23363.266
2026-06-11 00:00:00+00:00,61483.6,62922.0,61483.6,62657.5,28940.197
2026-06-11 04:00:00+00:00,62657.5,62993.4,62507.9,62693.3,22029.355
2026-06-11 08:00:00+00:00,62693.2,63235.9,62691.7,63078.0,26302.203
2026-06-11 12:00:00+00:00,63078.0,63200.0,62455.8,62721.1,50133.343
2026-06-11 16:00:00+00:00,62721.2,63915.3,62315.0,63567.6,52994.312
2026-06-11 20:00:00+00:00,63567.7,63712.3,63235.8,63597.9,13595.164
2026-06-12 00:00:00+00:00,63598.0,63777.0,63271.6,63490.0,14144.616
2026-06-12 04:00:00+00:00,63490.1,63843.2,62800.0,63066.5,25276.191
2026-06-12 08:00:00+00:00,63066.5,63929.9,63063.9,63729.4,22081.286
2026-06-12 12:00:00+00:00,63729.4,64362.6,63020.6,63557.0,55108.343
2026-06-12 16:00:00+00:00,63557.1,64083.3,63477.5,63555.1,19010.236
2026-06-12 20:00:00+00:00,63555.0,63664.4,63352.3,63547.0,10103.11
2026-06-13 00:00:00+00:00,63547.0,63828.4,63360.0,63494.4,10105.104
2026-06-13 04:00:00+00:00,63494.4,63879.0,63444.9,63823.9,9018.379
2026-06-13 08:00:00+00:00,63823.9,63949.9,63683.1,63936.1,9974.923999999999
2026-06-13 12:00:00+00:00,63936.1,64323.0,63882.6,64265.0,16226.176
2026-06-13 16:00:00+00:00,64265.1,64298.7,63862.9,64264.2,17406.503
2026-06-13 20:00:00+00:00,64264.2,64738.0,64189.6,64418.2,13430.301
2026-06-14 00:00:00+00:00,64418.3,64682.2,64338.8,64515.0,9988.194
2026-06-14 04:00:00+00:00,64515.0,64532.8,64186.5,64392.0,10509.099
2026-06-14 08:00:00+00:00,64392.1,64640.6,64281.1,64511.7,9126.59
2026-06-14 12:00:00+00:00,64511.7,64531.2,63830.0,63995.2,18995.108
2026-06-14 16:00:00+00:00,63995.2,64183.4,63650.0,63777.3,13323.248
2026-06-14 20:00:00+00:00,63777.4,65775.0,63761.5,65702.1,54791.219
2026-06-15 00:00:00+00:00,65702.1,65996.8,65314.3,65894.7,28160.734
2026-06-15 04:00:00+00:00,65894.6,65978.1,65577.8,65642.3,15857.095
2026-06-15 08:00:00+00:00,65642.4,66346.2,65469.0,66192.0,30586.233
2026-06-15 12:00:00+00:00,66192.0,67255.4,66056.4,67248.5,54335.312
2026-06-15 16:00:00+00:00,67248.5,67254.5,66302.4,66579.2,25502.782
2026-06-15 20:00:00+00:00,66579.1,66658.2,66065.1,66285.9,13510.785
2026-06-16 00:00:00+00:00,66285.9,66426.9,65607.1,66125.4,21435.498
2026-06-16 04:00:00+00:00,66125.4,66543.5,65768.7,66341.7,18657.417
2026-06-16 08:00:00+00:00,66341.8,66956.7,66310.5,66456.0,21615.635000000002
2026-06-16 12:00:00+00:00,66456.0,66787.1,65328.8,65841.8,40814.157
2026-06-16 16:00:00+00:00,65841.8,66246.1,65529.0,65653.2,17111.255
2026-06-16 20:00:00+00:00,65653.2,65908.4,65561.3,65644.8,9472.464
2026-06-17 00:00:00+00:00,65644.8,66092.5,65427.9,65818.6,12292.334
2026-06-17 04:00:00+00:00,65818.6,66019.0,65200.0,65504.0,16732.999
2026-06-17 08:00:00+00:00,65503.9,65549.8,64525.0,64774.5,31844.178
2026-06-17 12:00:00+00:00,64774.6,65834.1,64550.7,65712.7,37758.911
2026-06-17 16:00:00+00:00,65712.7,66419.2,64015.0,64271.3,79252.604
2026-06-17 20:00:00+00:00,64271.4,64495.3,63881.2,64472.9,21605.273
2026-06-18 00:00:00+00:00,64472.9,64780.0,64228.9,64255.0,14714.901
2026-06-18 04:00:00+00:00,64255.0,64491.1,63660.1,64470.3,26503.476
2026-06-18 08:00:00+00:00,64470.4,64631.5,63855.0,63940.1,20589.638
2026-06-18 12:00:00+00:00,63940.1,64423.4,62232.1,62337.8,71085.58
2026-06-18 16:00:00+00:00,62337.8,62985.0,62241.0,62925.4,39773.529
2026-06-18 20:00:00+00:00,62925.3,63266.8,62710.5,62924.1,15031.592
2026-06-19 00:00:00+00:00,62924.0,63088.0,62237.2,62745.1,18794.133
2026-06-19 04:00:00+00:00,62745.1,62896.8,62375.7,62592.4,17304.688
2026-06-19 08:00:00+00:00,62592.4,62758.1,62272.4,62600.0,16397.734
2026-06-19 12:00:00+00:00,62600.0,63410.3,62315.2,63193.0,32841.195
2026-06-19 16:00:00+00:00,63193.1,63376.6,62836.6,63001.9,15117.889
2026-06-19 20:00:00+00:00,63001.8,63645.0,62926.2,63512.6,11771.242
2026-06-20 00:00:00+00:00,63512.5,63757.2,63283.5,63440.5,12770.432999999999
2026-06-20 04:00:00+00:00,63440.5,63894.0,63367.6,63625.0,14008.791000000001
2026-06-20 08:00:00+00:00,63625.0,63770.0,63360.0,63651.3,12183.381
2026-06-20 12:00:00+00:00,63651.4,64370.9,63136.2,64139.5,36115.681
2026-06-20 16:00:00+00:00,64139.4,64150.0,63661.9,63905.5,13002.244
2026-06-20 20:00:00+00:00,63905.5,64326.0,63820.0,64270.0,7596.166
2026-06-21 00:00:00+00:00,64270.1,64450.0,64199.0,64398.8,10365.54
2026-06-21 04:00:00+00:00,64398.8,64568.0,64143.2,64170.1,12165.969
2026-06-21 08:00:00+00:00,64170.0,64453.3,63871.3,64149.9,17775.189
2026-06-21 12:00:00+00:00,64149.8,64337.3,63916.0,64200.3,11893.654
2026-06-21 16:00:00+00:00,64200.2,64284.9,63907.4,64173.6,7663.114
2026-06-21 20:00:00+00:00,64173.7,64243.4,63220.0,63287.1,25118.61
2026-06-22 00:00:00+00:00,63287.2,64788.0,63286.2,63935.1,37961.563
2026-06-22 04:00:00+00:00,63935.1,64384.3,63833.4,64187.9,14743.502
2026-06-22 08:00:00+00:00,64188.0,64750.0,64014.9,64624.3,15942.601
2026-06-22 12:00:00+00:00,64624.2,65597.2,64545.7,64808.0,51405.925
2026-06-22 16:00:00+00:00,64808.0,64835.6,64240.0,64447.9,24156.885
2026-06-22 20:00:00+00:00,64450.6,64637.1,63758.3,63990.2,17632.532
2026-06-23 00:00:00+00:00,63990.1,64247.2,63803.2,64037.3,14943.555
2026-06-23 04:00:00+00:00,64037.2,64068.0,62532.4,62849.2,45716.491
2026-06-23 08:00:00+00:00,62849.3,62916.5,61870.0,62478.5,41466.543
2026-06-23 12:00:00+00:00,62478.4,62837.1,61916.9,62455.8,42631.035
2026-06-23 16:00:00+00:00,62455.9,62812.2,62075.6,62365.7,19127.882
2026-06-23 20:00:00+00:00,62365.7,62770.6,62344.2,62696.7,9033.733
2026-06-24 00:00:00+00:00,62696.7,63090.9,62402.8,62704.6,17756.997
2026-06-24 04:00:00+00:00,62704.6,63053.5,62500.0,62630.3,12079.174
2026-06-24 08:00:00+00:00,62630.4,63209.6,62272.1,62887.7,19998.451
2026-06-24 12:00:00+00:00,62887.8,62939.3,60238.0,60254.9,90414.628
2026-06-24 16:00:00+00:00,60254.9,60649.1,59060.0,59923.8,95446.269
2026-06-24 20:00:00+00:00,59923.7,61256.0,59813.9,61051.2,42401.785
2026-06-25 00:00:00+00:00,61051.2,61138.9,60648.0,60853.9,16377.173
2026-06-25 04:00:00+00:00,60854.0,61931.1,60756.4,61886.7,30997.479
2026-06-25 08:00:00+00:00,61886.8,61897.6,61033.5,61258.2,28088.696
2026-06-25 12:00:00+00:00,61258.2,61742.9,58030.0,59536.2,167122.726
2026-06-25 16:00:00+00:00,59536.2,60035.7,59114.4,59299.8,35931.882
2026-06-25 20:00:00+00:00,59299.9,60245.0,59298.7,59771.9,23312.218
2026-06-26 00:00:00+00:00,59772.0,60125.7,58288.0,60015.0,61621.029
2026-06-26 04:00:00+00:00,60015.0,60734.0,59666.2,60491.0,40011.928
2026-06-26 08:00:00+00:00,60491.0,60542.6,59210.4,59392.4,36168.134
2026-06-26 12:00:00+00:00,59392.4,60494.1,58388.0,60296.6,97365.209
2026-06-26 16:00:00+00:00,60296.9,60580.0,59530.7,59719.7,32859.636
2026-06-26 20:00:00+00:00,59719.9,60090.8,59556.0,60072.0,14069.215
2026-06-27 00:00:00+00:00,60071.9,60387.8,59846.2,60274.7,12863.512
2026-06-27 04:00:00+00:00,60274.8,60557.8,60074.5,60522.3,13007.199
2026-06-27 08:00:00+00:00,60522.4,60522.5,60162.0,60331.9,8919.927
2026-06-27 12:00:00+00:00,60331.9,60924.7,60222.6,60817.2,17098.528
2026-06-27 16:00:00+00:00,60817.3,60850.0,60050.0,60149.9,16777.939
2026-06-27 20:00:00+00:00,60149.9,60469.8,59819.8,60000.3,12635.488
2026-06-28 00:00:00+00:00,60000.4,60314.3,59950.0,60169.5,7852.352
2026-06-28 04:00:00+00:00,60169.5,60247.1,59714.8,60192.5,13002.681
2026-06-28 08:00:00+00:00,60192.4,60543.3,60037.0,60314.9,12643.512
2026-06-28 12:00:00+00:00,60315.0,60435.8,59781.8,59849.9,15226.346
2026-06-28 16:00:00+00:00,59850.0,59915.7,59224.6,59451.4,24638.347
2026-06-28 20:00:00+00:00,59451.3,59883.2,58888.0,59550.2,30235.459
2026-06-29 00:00:00+00:00,59550.2,60219.4,58850.0,60019.8,38253.849
2026-06-29 04:00:00+00:00,60019.9,60325.0,59360.3,59998.9,20723.108
2026-06-29 08:00:00+00:00,59998.9,60287.1,59712.8,59927.2,21568.64
2026-06-29 12:00:00+00:00,59927.2,60758.3,58988.0,59800.2,97415.484
2026-06-29 16:00:00+00:00,59800.3,60666.6,59562.6,60409.3,36925.254
2026-06-29 20:00:00+00:00,60409.3,60565.6,60134.0,60224.7,12889.94
2026-06-30 00:00:00+00:00,60224.7,60250.0,59570.0,59596.1,22856.266
2026-06-30 04:00:00+00:00,59596.1,59698.9,59329.2,59497.7,22886.397
2026-06-30 08:00:00+00:00,59497.7,59532.7,59100.0,59162.3,21626.513
2026-06-30 12:00:00+00:00,59162.2,59264.4,58160.0,58356.2,92456.515
2026-06-30 16:00:00+00:00,58356.2,58819.9,58223.3,58794.4,21528.098
2026-06-30 20:00:00+00:00,58794.0,58850.0,58472.3,58605.4,10292.512
2026-07-01 00:00:00+00:00,58605.4,59298.4,57758.6,59169.6,56290.292
2026-07-01 04:00:00+00:00,59169.7,59444.5,58500.1,58744.4,28426.792999999998
2026-07-01 08:00:00+00:00,58744.4,59069.7,58450.7,58592.9,18942.584
2026-07-01 12:00:00+00:00,58592.8,60520.0,58294.1,60118.5,83094.08499999999
2026-07-01 16:00:00+00:00,60118.6,60332.8,59762.6,60000.0,24811.03
2026-07-01 20:00:00+00:00,60000.0,61322.0,59844.5,59999.6,52373.697
2026-07-02 00:00:00+00:00,59999.6,61102.5,59555.0,61032.9,37833.808
2026-07-02 04:00:00+00:00,61032.9,61033.0,60080.9,60125.8,34117.778
2026-07-02 08:00:00+00:00,60125.8,61447.0,60113.5,61329.1,53739.084
2026-07-02 12:00:00+00:00,61329.1,62180.0,61109.9,61584.0,69787.014
2026-07-02 16:00:00+00:00,61584.0,61900.0,61113.8,61452.5,28202.679
2026-07-02 20:00:00+00:00,61452.4,61634.3,61308.3,61540.6,12269.709
2026-07-03 00:00:00+00:00,61540.5,61727.2,61229.0,61407.6,15053.911
2026-07-03 04:00:00+00:00,61407.5,61849.7,61300.4,61733.6,14260.827
2026-07-03 08:00:00+00:00,61733.7,62078.6,61480.7,61992.8,19066.059
2026-07-03 12:00:00+00:00,61992.8,62386.7,61653.0,61895.2,36548.042
2026-07-03 16:00:00+00:00,61895.2,62292.4,61877.6,62178.4,14492.869
2026-07-03 20:00:00+00:00,62178.4,62957.2,62151.2,62565.5,33076.786
2026-07-04 00:00:00+00:00,62565.5,62925.7,62381.6,62609.6,15174.848
2026-07-04 04:00:00+00:00,62609.6,62735.2,62302.6,62549.0,9691.02
2026-07-04 08:00:00+00:00,62549.1,62654.1,62386.1,62458.7,7405.183
2026-07-04 12:00:00+00:00,62458.6,63069.6,62458.6,62908.8,15525.163999999999
2026-07-04 16:00:00+00:00,62908.7,63450.0,62752.9,63268.1,21139.019
2026-07-04 20:00:00+00:00,63268.0,63430.0,62902.7,63114.8,10714.29
2026-07-05 00:00:00+00:00,63114.9,63114.9,62549.6,62739.1,14486.359
2026-07-05 04:00:00+00:00,62739.1,63039.3,62628.0,62995.1,10165.269
2026-07-05 08:00:00+00:00,62995.1,63084.0,62410.1,62630.0,13311.704
2026-07-05 12:00:00+00:00,62630.0,62923.7,62534.3,62711.9,10079.94
2026-07-05 16:00:00+00:00,62711.9,62865.0,62564.4,62744.0,8303.748
2026-07-05 20:00:00+00:00,62744.1,63990.7,62580.0,63617.1,36280.123999999996
2026-07-06 00:00:00+00:00,63617.2,63900.0,63101.2,63273.0,23780.303
2026-07-06 04:00:00+00:00,63272.9,63368.3,62858.4,63064.5,16456.746
2026-07-06 08:00:00+00:00,63064.5,63226.4,62461.4,62461.4,27610.107
2026-07-06 12:00:00+00:00,62461.2,63531.1,61297.0,63523.1,105736.056
2026-07-06 16:00:00+00:00,63523.0,63977.9,63356.8,63709.8,40689.156
2026-07-06 20:00:00+00:00,63709.9,64691.9,63560.0,64023.6,28521.431
2026-07-07 00:00:00+00:00,64023.5,64298.1,63122.0,63165.0,29622.934
2026-07-07 04:00:00+00:00,63164.9,63424.2,62745.6,63062.6,27393.375
2026-07-07 08:00:00+00:00,63062.7,63432.8,62958.4,63377.7,16329.871
2026-07-07 12:00:00+00:00,63377.8,64096.0,62638.0,63910.0,60232.809
2026-07-07 16:00:00+00:00,63910.0,64234.1,63351.4,63794.9,28687.049
2026-07-07 20:00:00+00:00,63794.9,63874.6,63177.0,63335.4,14939.800000000001
2026-07-08 00:00:00+00:00,63335.4,63740.2,62466.9,62741.0,28854.967
2026-07-08 04:00:00+00:00,62741.0,62873.3,62434.9,62854.1,17957.731
2026-07-08 08:00:00+00:00,62854.1,62921.8,61708.2,62270.0,45949.73
2026-07-08 12:00:00+00:00,62270.0,62394.1,61520.0,61674.5,39109.532
2026-07-08 16:00:00+00:00,61674.6,62372.7,61666.0,62251.9,20257.62
2026-07-08 20:00:00+00:00,62251.9,62331.8,61926.9,62255.3,10966.145
2026-07-09 00:00:00+00:00,62255.1,62620.2,61666.0,61943.1,21786.361
2026-07-09 04:00:00+00:00,61943.2,63286.5,61929.0,62973.7,35632.474
2026-07-09 08:00:00+00:00,62973.6,63083.9,62583.4,62756.0,16875.277
2026-07-09 12:00:00+00:00,62755.9,63233.0,62428.5,62835.4,43030.522
2026-07-09 16:00:00+00:00,62835.4,63484.9,62525.2,63222.9,23833.334
2026-07-09 20:00:00+00:00,63222.9,63395.9,63032.2,63197.0,9696.325
2026-07-10 00:00:00+00:00,63197.1,64022.0,62897.0,63917.2,28582.709
2026-07-10 04:00:00+00:00,63917.3,64185.0,63765.5,63956.1,19716.772
2026-07-10 08:00:00+00:00,63956.1,64478.3,63949.1,64394.2,27561.936999999998
2026-07-10 12:00:00+00:00,64394.2,64680.0,63768.0,64018.7,35094.942
2026-07-10 16:00:00+00:00,64018.7,64208.1,63718.1,63900.4,13676.986
2026-07-10 20:00:00+00:00,63900.4,64176.9,63619.9,64129.5,14154.711
2026-07-11 00:00:00+00:00,64129.5,64288.7,63950.1,64117.2,7282.145
2026-07-11 04:00:00+00:00,64117.2,64250.0,64047.2,64132.6,5329.112
2026-07-11 08:00:00+00:00,64132.6,64280.0,64110.2,64176.0,5002.728
2026-07-11 12:00:00+00:00,64176.1,64497.4,63668.8,64139.0,18675.921000000002
2026-07-11 16:00:00+00:00,64139.1,64375.8,64050.4,64262.0,6780.216
2026-07-11 20:00:00+00:00,64261.9,64438.9,63776.0,63783.0,10604.773000000001
2026-07-12 00:00:00+00:00,63783.1,64217.8,63657.4,64201.8,12186.54
2026-07-12 04:00:00+00:00,64201.9,64238.0,63602.8,63856.4,11313.903
2026-07-12 08:00:00+00:00,63856.4,64083.7,63730.7,63993.8,8689.953
2026-07-12 12:00:00+00:00,63993.8,64271.9,63928.0,64149.9,9372.897
2026-07-12 16:00:00+00:00,64150.0,64248.0,63983.1,64201.9,6633.117
2026-07-12 20:00:00+00:00,64202.0,64227.4,63634.1,63750.0,11895.536
2026-07-13 00:00:00+00:00,63749.9,64411.8,62705.0,62780.2,52443.621
2026-07-13 04:00:00+00:00,62780.1,63030.0,62434.9,62952.7,24227.324
2026-07-13 08:00:00+00:00,62952.8,63260.0,62834.4,62881.3,22997.462
2026-07-13 12:00:00+00:00,62881.4,62970.7,62061.3,62596.6,52068.169
2026-07-13 16:00:00+00:00,62596.7,62614.5,61806.0,62258.0,28856.64
2026-07-13 20:00:00+00:00,62257.9,62333.4,61854.5,62307.0,15189.007
2026-07-14 00:00:00+00:00,62307.0,62639.3,62240.9,62538.2,15779.623
2026-07-14 04:00:00+00:00,62538.3,62848.0,62489.7,62529.7,12956.51
2026-07-14 08:00:00+00:00,62529.7,62896.0,62458.3,62810.3,11932.483
2026-07-14 12:00:00+00:00,62810.3,64950.0,62756.5,64727.5,99608.666
2026-07-14 16:00:00+00:00,64727.4,64879.0,64200.0,64543.0,27810.776
2026-07-14 20:00:00+00:00,64543.1,65130.0,64390.4,65014.7,22787.125
2026-07-15 00:00:00+00:00,65014.6,65043.3,64456.7,64760.8,14011.588
2026-07-15 04:00:00+00:00,64760.9,65260.0,64450.9,64528.0,20381.847999999998
2026-07-15 08:00:00+00:00,64528.0,64899.9,64528.0,64707.5,11520.12
2026-07-15 12:00:00+00:00,64707.4,65589.7,64568.8,65391.6,48445.138
2026-07-15 16:00:00+00:00,65391.5,65438.0,64708.0,64942.0,30103.535
2026-07-15 20:00:00+00:00,64942.1,65030.5,64660.0,64721.4,7761.385
2026-07-16 00:00:00+00:00,64721.4,64814.7,64362.2,64593.0,13463.314
2026-07-16 04:00:00+00:00,64593.0,64974.5,64005.6,64200.0,23983.759000000002
2026-07-16 08:00:00+00:00,64200.1,64340.0,63843.1,64226.6,23564.869
2026-07-16 12:00:00+00:00,64226.6,64874.7,63833.0,64677.7,38698.036
2026-07-16 16:00:00+00:00,64677.7,64687.6,63958.0,64241.6,18183.263
2026-07-16 20:00:00+00:00,64241.7,64249.9,63712.6,63801.0,12576.221
2026-07-17 00:00:00+00:00,63801.1,64041.6,63358.0,63538.1,23701.404
2026-07-17 04:00:00+00:00,63538.0,63560.0,62655.0,62792.9,36223.336
2026-07-17 08:00:00+00:00,62792.8,63337.4,62611.0,63273.2,20640.395
2026-07-17 12:00:00+00:00,63273.1,63496.0,62505.1,63432.4,42264.1
2026-07-17 16:00:00+00:00,63432.4,64356.7,63272.4,64121.4,34857.577
2026-07-17 20:00:00+00:00,64121.4,64188.2,63860.0,63909.9,8166.001
2026-07-18 00:00:00+00:00,63909.9,64014.9,63859.6,63989.5,5338.834
2026-07-18 04:00:00+00:00,63989.5,64000.0,63894.3,63980.1,4328.088
2026-07-18 08:00:00+00:00,63980.0,64073.2,63912.0,64033.3,4092.098
2026-07-18 12:00:00+00:00,64033.2,64237.7,63925.2,64090.0,9810.671
2026-07-18 16:00:00+00:00,64090.0,64666.0,64054.5,64526.3,15262.257
2026-07-18 20:00:00+00:00,64526.4,64837.4,64467.2,64806.7,10394.79
2026-07-19 00:00:00+00:00,64806.7,64948.8,64594.6,64686.8,13515.109
2026-07-19 04:00:00+00:00,64686.8,64789.8,64580.4,64692.2,5846.715
2026-07-19 08:00:00+00:00,64692.1,64723.5,64415.0,64445.7,10691.7
2026-07-19 12:00:00+00:00,64445.7,64633.0,64259.5,64545.2,11251.478000000001
2026-07-19 16:00:00+00:00,64545.3,64733.0,64262.9,64438.1,9954.822
2026-07-19 20:00:00+00:00,64438.1,64874.9,64305.0,64694.7,11535.206
2026-07-20 00:00:00+00:00,64694.8,65084.6,64380.0,64839.4,22717.146
2026-07-20 04:00:00+00:00,64839.3,64843.4,63736.1,64250.0,27903.419
2026-07-20 08:00:00+00:00,64250.0,65048.3,63858.1,64970.8,27733.431
2026-07-20 12:00:00+00:00,64970.8,65688.0,64034.3,65570.1,54262.291
2026-07-20 16:00:00+00:00,65570.1,65788.0,65011.4,65119.3,35972.663
2026-07-20 20:00:00+00:00,65119.3,65435.3,65030.2,65224.8,10917.197
2026-07-21 00:00:00+00:00,65224.7,65634.4,65115.3,65539.5,15057.371
2026-07-21 04:00:00+00:00,65539.5,66240.0,65453.5,66166.9,27187.740999999998
2026-07-21 08:00:00+00:00,66166.8,66390.0,66103.4,66317.9,22965.054
2026-07-21 12:00:00+00:00,66317.9,66924.1,66236.0,66648.5,39564.704
2026-07-21 16:00:00+00:00,66648.5,66736.7,65939.0,66409.5,24712.174
2026-07-21 20:00:00+00:00,66409.5,66544.8,66172.0,66522.4,9407.871
2026-07-22 00:00:00+00:00,66522.3,66711.0,66141.7,66176.7,13801.058
2026-07-22 04:00:00+00:00,66176.6,66399.0,65668.6,65813.4,22194.384000000002
2026-07-22 08:00:00+00:00,65813.4,66140.5,65813.4,65981.4,19352.095
2026-07-22 12:00:00+00:00,65981.3,66190.4,65505.0,66014.8,33898.686
2026-07-22 16:00:00+00:00,66014.8,66363.6,65650.2,65891.1,19116.49
2026-07-22 20:00:00+00:00,65891.2,66116.5,65753.0,66082.0,8447.902
2026-07-23 00:00:00+00:00,66082.0,66284.1,65548.0,65626.8,16744.203
2026-07-23 04:00:00+00:00,65626.7,65793.7,65313.7,65405.3,15598.473
2026-07-23 08:00:00+00:00,65405.3,65756.6,65383.6,65525.4,11821.586
2026-07-23 12:00:00+00:00,65525.4,65557.8,64696.2,64940.4,51499.187
2026-07-23 16:00:00+00:00,64940.4,64940.5,64636.0,64820.7,15984.685
2026-07-23 20:00:00+00:00,64820.7,65193.5,64809.7,65069.6,13119.644
2026-07-24 00:00:00+00:00,65069.6,65436.8,64733.2,65425.4,18271.087
2026-07-24 04:00:00+00:00,65425.5,65780.0,65213.0,65470.0,22156.361
2026-07-24 08:00:00+00:00,65470.1,65477.2,64821.9,65045.7,18685.368
2026-07-24 12:00:00+00:00,65045.7,65110.1,63666.0,64065.1,67797.363
2026-07-24 16:00:00+00:00,64065.1,64266.9,63854.3,64199.5,14675.634
2026-07-24 20:00:00+00:00,64199.5,64260.1,64098.7,64116.5,5951.659
2026-07-25 00:00:00+00:00,64116.5,64155.0,63977.0,64052.9,11227.005000000001
2026-07-25 04:00:00+00:00,64053.0,64181.0,63933.2,63972.9,5992.315
2026-07-25 08:00:00+00:00,63973.0,64078.5,63760.5,64031.3,8693.02
2026-07-25 12:00:00+00:00,64031.2,64243.6,64006.2,64150.0,7467.034
2026-07-25 16:00:00+00:00,64150.1,64417.1,64092.2,64359.6,8274.357
2026-07-25 20:00:00+00:00,64359.7,64407.1,64233.0,64338.1,4593.903
2026-07-26 00:00:00+00:00,64338.0,64553.9,64317.9,64518.8,6207.268
2026-07-26 04:00:00+00:00,64518.9,64566.0,64256.4,64341.2,8129.244
2026-07-26 08:00:00+00:00,64341.3,64557.3,64320.2,64481.4,5451.789
2026-07-26 12:00:00+00:00,64481.5,64819.3,64379.7,64733.6,14685.055
2026-07-26 16:00:00+00:00,64733.5,64909.0,64634.0,64665.5,8330.401
2026-07-26 20:00:00+00:00,64665.6,65555.0,64606.3,65375.1,22959.406
2026-07-27 00:00:00+00:00,65375.2,65398.8,64872.0,65261.5,15835.857
2026-07-27 04:00:00+00:00,65261.5,65722.5,65190.0,65195.9,16646.095999999998
2026-07-27 08:00:00+00:00,65196.0,65412.8,65061.1,65073.1,12104.408
2026-07-27 12:00:00+00:00,65073.1,65689.6,64374.4,64517.1,52696.883
2026-07-27 16:00:00+00:00,64517.2,65069.4,64479.0,64959.2,17239.433
2026-07-27 20:00:00+00:00,64959.2,65030.8,63567.0,63720.8,33309.056000000004
2026-07-28 00:00:00+00:00,63720.7,63794.3,63021.0,63310.1,30321.786
2026-07-28 04:00:00+00:00,63310.0,63642.2,63187.2,63476.8,17817.023
2026-07-28 08:00:00+00:00,63476.8,63569.0,63263.5,63430.8,17704.568
2026-07-28 12:00:00+00:00,63430.7,64014.2,62660.1,63899.4,46087.702
2026-07-28 16:00:00+00:00,63899.5,64084.5,63477.2,63882.4,17230.992
2026-07-28 20:00:00+00:00,63882.4,64047.9,63526.0,63903.6,15111.791
2026-07-29 00:00:00+00:00,63903.6,64175.0,63630.0,63727.0,20893.234
2026-07-29 04:00:00+00:00,63727.0,64544.0,63569.5,64539.0,22600.631
2026-07-29 08:00:00+00:00,64539.1,64715.9,64251.0,64480.0,19217.032
2026-07-29 12:00:00+00:00,64479.9,64688.0,63857.4,63940.2,30660.559
2026-07-29 16:00:00+00:00,63940.2,64703.9,63483.9,63564.1,56370.126000000004
2026-07-29 20:00:00+00:00,63564.0,64108.4,63234.0,63958.9,30234.717
2026-07-30 00:00:00+00:00,63958.9,64393.0,63576.4,64134.0,19263.395
2026-07-30 04:00:00+00:00,64134.0,64156.4,63881.0,63981.9,10707.126
2026-07-30 08:00:00+00:00,63981.9,64870.0,63950.0,64766.8,22143.473
2026-07-30 12:00:00+00:00,64766.9,65157.0,64571.4,64694.2,37561.257
2026-07-30 16:00:00+00:00,64694.2,64957.2,64657.4,64778.6,9665.986
2026-07-30 20:00:00+00:00,64778.5,65062.9,64636.3,64750.0,13514.494999999999
2026-07-31 00:00:00+00:00,64750.0,65391.3,64138.0,64344.0,35138.633
2026-07-31 04:00:00+00:00,64344.0,64476.8,63835.6,63909.1,21124.109
2026-07-31 08:00:00+00:00,63909.1,63982.2,63577.0,63779.4,20536.673
2026-07-31 12:00:00+00:00,63779.4,63807.5,62410.5,62695.4,67331.204
2026-07-31 16:00:00+00:00,62695.3,63275.7,62680.1,62947.2,21608.292
2026-07-31 20:00:00+00:00,62947.1,63037.0,62814.1,62859.9,9226.024
